{"cameraMode":{"drawMode":0,"name":"Shaded","section":"Shading Mode"},"sceneLighting":true,"audioPlay":false,"sceneViewState":{"showFog":false,"showMaterialUpdate":false,"showSkybox":false,"showFlares":false,"showImageEffects":false,"showParticleSystems":false},"in2DMode":false,"pivot":{"x":238.85238647460938,"y":124.38047790527344,"z":268.2811279296875},"rotation":{"x":0.0022303033620119097,"y":0.9977710843086243,"z":-0.047929782420396808,"w":0.046429846435785297},"size":360.969482421875,"orthographic":false}